{"cameraMode":{"drawMode":0,"name":"Shaded","section":"Shading Mode"},"sceneLighting":false,"audioPlay":false,"sceneViewState":{"showFog":true,"showMaterialUpdate":false,"showSkybox":true,"showFlares":true,"showImageEffects":true,"showParticleSystems":true},"in2DMode":false,"pivot":{"x":327.7660827636719,"y":45.48383712768555,"z":428.22265625},"rotation":{"x":0.1457543820142746,"y":0.8391475677490234,"z":-0.4468472898006439,"w":0.27371469140052798},"size":248.07058715820313,"orthographic":false}